The new issue of pro-ISIS Sawt-al-Hind revealed that the ISKP bomber who attacked on kabul airport in August, killed 250 peâ€¦
Ä°BBâ€™nin konser standÄ±nda alkol satÄ±lmasÄ±na tepki yaÄŸdÄ±: â€œBu gÃ¶rÃ¼ntÃ¼ler kabul edilemez. Sadece Efes satmak nedir? Tuborg iÃ§â€¦
Ã–lÃ§me ve deÄŸerlendirme ilkelerine aykÄ±rÄ± olan karma atamayÄ± kabul etmiyoruz. 
@mimishyoon allah kabul etsin krdÅŸm
Ã–lÃ§me ve deÄŸerlendirme ilkelerine aykÄ±rÄ± olan karma atamayÄ± kabul etmiyoruz. 
@TheRealPCB @darensammy88 PIA ko chahiye new zealand team ko kabul airport pr utar day ..
@ErsinAkyuz2 @Fencii9 Ã–lÃ§me ve deÄŸerlendirme ilkelerine aykÄ±rÄ± olan karma atamayÄ± kabul etmiyoruz. 
Karma alÄ±mÄ± kabul etmiyoruz.
Rabbim dualarÄ±mÄ±zÄ± ve tÃ¶vbelerimizi kabul eylesin hayÄ±rlÄ± sabahlar
@yelkovansizsaat Ä°sviÃ§re kaÄŸÄ±t belge kabul ediyor mesela
@icmimar_yasin @aysel58811802 Alt katta olma avantajÄ± bence Ã¼st kattaki de yapsa aÅŸaÄŸÄ± Bi damla su gitse kabul etmezler
ArkadaÅŸlar ÅŸunu kabul edin â€œÄ°slami hassasiyetâ€ konusunun sÄ±nÄ±rÄ± yok. Namaza baÅŸlasan â€œAllah kabul etsin de mÃ¼zik haram be kâ€¦
HakkÄ±mÄ±z olan ÅŸimdiye dek en az iki atamayken bu yÄ±lÄ± tamamen atamasÄ±z geÃ§irmek kabul edilir ÅŸey deÄŸil
@Topraks85111980 Bna yazarmÄ±sn sizinle tanÄ±ÅŸmak isterim sizde kabul edersiniz
Bu ne demek oluyor,Turkiye'de yapÄ±lan  Biontech aÅŸÄ±larÄ±nÄ± niye kabul etmiyorlar da Amerika ya da Avrupa BirliÄŸi Ã¼lkeleriâ€¦
#odas 1.30 bandÄ±na kadar sarkmalar normal kabul edilebilir. AltÄ±na inmemeli 
Bir duam var ..sen hayÄ±rlÄ±sÄ± ile kabul et AllahÄ±m ğŸŒ¸
@balmehmet @mertpostif AyaklarÄ±na kaldÄ±rÄ±m taÅŸÄ± baÄŸlayÄ±p atacaksan kabul
@ankarakulisi06 Karma alÄ±mi kabul etmiyoruz @tcmeb
Ã–lÃ§me ve deÄŸerlendirme ilkelerine aykÄ±rÄ± olan karma atamayÄ± kabul etmiyoruz. 
TBMM'nin kabul ettiÄŸi #Ä°stanbulSÃ¶zleÅŸmesi'ni bir gecede kaldÄ±ranlarÄ±, kadÄ±n haklarÄ±nÄ± yok sayanlarÄ±, kadÄ±n cinayetlerinâ€¦
ABD, Kabilâ€™den Ã§ekilmeden hemen Ã¶nce drone saldÄ±rÄ±sÄ±yla 10 masum insanÄ± Ã¶ldÃ¼rdÃ¼ÄŸÃ¼nÃ¼ kabul ettiâ€¦
@ProfSFindik Hocam saÄŸlÄ±k bakanlÄ±ÄŸÄ± sabah gazetesinde Ã§Ä±kan haber doÄŸruysa kobay olduÄŸumuzu kabul eder nitelikte haâ€¦ 
Ä°BBâ€™nin konser standÄ±nda alkol satÄ±lmasÄ±na tepki yaÄŸdÄ±: â€œBu gÃ¶rÃ¼ntÃ¼ler kabul edilemez. Sadece Efes satmak nedir? Tuborg iÃ§â€¦
GÃ¼zelliler sizinle olsun duanÄ±z kabul cumanÄ±z hayÄ±rlÄ± olsun 
@flymepegasus Ä°ngiltere'den TÃ¼rkiye'ye yapÄ±lan uÃ§uÅŸlarda, Ä°ngiltere NHS'ten alÄ±nan PCR veya Antijen testini kabul ediyor musunuz?
Ã–lÃ§me ve deÄŸerlendirme ilkelerine aykÄ±rÄ± olan karma atamayÄ± kabul etmiyoruz. 
HayatÄ±mdan bana iyi gelmeyen, enerjimi dÃ¼ÅŸÃ¼ren, sadece iÅŸi dÃ¼ÅŸÃ¼nce arayan, yazan  ya da beni ben olduÄŸum iÃ§in kabulâ€¦ 
Her ÅŸeyin en gÃ¼zelini hayatÄ±ma kabul ediyorum. Tahmin edemeyeceÄŸim kadar bÃ¼yÃ¼k mucizeler gerÃ§ekleÅŸiyor.
Sen Ã¼mmetin kabul olmuÅŸ duâ€¦
Recep Tayyip ErdoÄŸan kabul kabul olmuÅŸ duamÄ±zdÄ±r...
HakkÄ±mÄ±z olan ÅŸimdiye dek en az iki atamayken bu yÄ±lÄ± tamamen atamasÄ±z geÃ§irmek kabul edilir ÅŸey deÄŸil
@seviilay_ Ne istersen kabul
Ã–lÃ§me ve deÄŸerlendirme ilkelerine aykÄ±rÄ± olan karma atamayÄ± kabul etmiyoruz. 
@ultrasenem Sen Amin diyen kullarÄ±nÄ±n dualarÄ±nÄ± kabul eyle yarabbi..
Ä°hep 90 gÃ¼nlÃ¼k hedeflerden olan vergi suÃ§unun her yÄ±l iÃ§in ayrÄ± ayrÄ± oluÅŸmasÄ± yerine tek suÃ§ kabul edilerek zincirleme suÃ§ hâ€¦
@SOzvural1 Ã–lÃ§me ve deÄŸerlendirme ilkelerine aykÄ±rÄ± olan karma atamayÄ± kabul etmiyoruz. 
@argokonusuyorum 110 dk kavgaya ara, kabul edildi. Gorusmek uzere. Bye.
Ã–lÃ§me ve deÄŸerlendirme ilkelerine aykÄ±rÄ± olan karma atamayÄ± kabul etmiyoruz. 
@ankarakulisi06 Karma alÄ±mi kabul etmiyoruz @tcmeb
Masum bir insana iÅŸkence ederek suÃ§u kabul ettirmeye zorladiniz. BaktÄ±nÄ±z olmuyor. Birileri dÃ¼ÄŸmeye basmÄ±ÅŸ olmalÄ± ki aynÄ± aâ€¦
@ozgrckc4509 @gencaslangs Aynen Ã¶ncelik hakkÄ± sixt'e verilecek aynÄ± ÅŸartlarÄ± kabul ederlerse ..
@ihsaneliacik HaklarÄ± var bence hocam, kitaba akÄ±lla yaklaÅŸÄ±rsak hepimiz ateist oluruz. En iyisi dÃ¼ÅŸÃ¼nmeden kabul etmek.
Recep Tayyip ErdoÄŸan kabul kabul olmuÅŸ duamÄ±zdÄ±r...
Niyet ettim bugÃ¼n herkesi olduÄŸu gibi kabul etmeye.
@vedatozdemiro Abi program yapacaktÄ±n ama kabul gÃ¶rmedi miğŸ˜³eyvah eyvahğŸ¤¦ğŸ»â€â™€ï¸
FDA 3. doz aÅŸÄ±yÄ± kabul etmedi. ABDâ€™lilere 3. aÅŸÄ± yapÄ±lmayacak.
@DiziGundemi1 Bu soruyu sorulmamÄ±ÅŸ kabul ediyorum 
ALLAH dualarÄ±nÄ±zÄ± kabul eylesin
Ä°ki Ã§ocuÄŸuyla da gelse kabulÃ¼m
Ã–lÃ§me ve deÄŸerlendirme ilkelerine aykÄ±rÄ± olan karma atamayÄ± kabul etmiyoruz. 
FDA, ABDâ€™de 3. doz Biontech aÅŸÄ±sÄ±nÄ±n uygulanmasÄ±nÄ± kabul etmedi. ABDâ€™li onurlu doktorlarÄ±n aÃ§Ä±klamasÄ± yakÄ±n zamanda gÃ¼ndemeâ€¦
@zevkine55 Bna yazarmÄ±sn sizinle tanÄ±ÅŸmak isterim sizde kabul edersiniz
@Saka_larr @mhrpolat @istanbulbld Ã‡aresiz diye bir ÅŸeyi kabul etmiyoruz!
Ã–lÃ§me ve deÄŸerlendirme ilkelerine aykÄ±rÄ± olan karma atamayÄ± kabul etmiyoruz. 
HakkÄ±mÄ±z olan ÅŸimdiye dek en az iki atamayken bu yÄ±lÄ± tamamen atamasÄ±z geÃ§irmek kabul edilir ÅŸey deÄŸil
Ä°BBâ€™nin konser standÄ±nda alkol satÄ±lmasÄ±na tepki yaÄŸdÄ±: â€œBu gÃ¶rÃ¼ntÃ¼ler kabul edilemez. Sadece Efes satmak nedir? Tuborg iÃ§â€¦
@ilkerbasbugcom YaÅŸadÄ±klarÄ±nÄ±z bu Ã¼lkenin bir genelkurmay baÅŸkanÄ± olarak kabul edilebilir bir ÅŸey deÄŸil muhakkak.Anâ€¦ 
â€œDÃ¼nyada sanki yabancÄ± gibi ol ya da kendini bir yolcu kabul et. AyrÄ±ca kendini Ã¶lmÃ¼ÅŸ, kabre girmiÅŸ olanlardan say.â€¦ 
Beni yeterince sevmeyen bana yeterince deÄŸer vermeyen herkes Ã§ok mutlu olsunğŸŒ¸ğŸŒ¸hayatÄ±ma tÃ¼m mucizeleri kabul ediyoruâ€¦ 
@cleoxyne Wakakaka sapa tau kan kabul dari salah satu iruğŸ¤£ğŸ¤£
ArkadaÅŸlar ÅŸunu kabul edin â€œÄ°slami hassasiyetâ€ konusunun sÄ±nÄ±rÄ± yok. Namaza baÅŸlasan â€œAllah kabul etsin de mÃ¼zik haram be kâ€¦
Ã–lÃ§me ve deÄŸerlendirme ilkelerine aykÄ±rÄ± olan karma atamayÄ± kabul etmiyoruz. 
Ã–ÄŸretmen ihtiyacÄ±nÄ± ucretli Ã¶ÄŸretmen ile kapatÄ±yorsunuz bu kabul edilebilir degil
Ã–lÃ§me ve deÄŸerlendirme ilkelerine aykÄ±rÄ± olan karma atamayÄ± kabul etmiyoruz. 
Ay tamam kabul en Ã§ok YÄ±ldÄ±zÄ± parlayan cemre deÄŸil benim aq
HakkÄ±mÄ±z olan ÅŸimdiye dek en az iki atamayken bu yÄ±lÄ± tamamen atamasÄ±z geÃ§irmek kabul edilir ÅŸey deÄŸil
@ErsinAkyuz2 @Fencii9 Ã–lÃ§me ve deÄŸerlendirme ilkelerine aykÄ±rÄ± olan karma atamayÄ± kabul etmiyoruz. 
Her ÅŸeyimizi tamamlamÄ±ÅŸken %100 online eÄŸitimi kabul etmiyoruz hibrit eÄŸitim istiyoruz. @ibuajanda
HakkÄ±mÄ±z olan ÅŸimdiye dek en az iki atamayken bu yÄ±lÄ± tamamen atamasÄ±z geÃ§irmek kabul edilir ÅŸey deÄŸil
CumhurbaÅŸkanÄ± ErdoÄŸan, 30 AÄŸustos Zafer BayramÄ± nedeniyle tebrikleri kabul ediyor 
Ã–lÃ§me ve deÄŸerlendirme ilkelerine aykÄ±rÄ± olan karma atamayÄ± kabul etmiyoruz. 
@Pinaraslan4558 @SeldaSavaelik2 MaÅŸallah AllahÃ¼ teÃ¢lÃ¢ dualarÄ±nÄ±zÄ± kabul eylesin efendim
ArkadaÅŸlar ÅŸunu kabul edin â€œÄ°slami hassasiyetâ€ konusunun sÄ±nÄ±rÄ± yok. Namaza baÅŸlasan â€œAllah kabul etsin de mÃ¼zik haram be kâ€¦
ÅŸu anda misafir kabul edemiorum 
The new issue of pro-ISIS Sawt-al-Hind revealed that the ISKP bomber who attacked on kabul airport in August, killed 250 peâ€¦
Bu tablo aÅŸÄ±larÄ±n "kabul edilmiÅŸ etkisizliÄŸini" bir kez daha gÃ¶zler Ã¶nÃ¼neâ€¦
Ancak talimatla deÄŸil hakkaniyetle karar veren mahkemenin ilk hÃ¢kimi bu gÃ¶rÃ¼ntÃ¼leri delil kabul etmeyerek kardeÅŸlerimizi sâ€¦
@ibbBeyazmasa kÄ±nÄ±yorum sadece efes pilsen satmak kabul edilebilir gibi deÄŸil! @ekrem_imamoglu
kabul olmayacak duaya amin demek. 
sizce ben Almanya daki iÅŸe baÅŸvurmuÅŸum ve kabul edilmiÅŸ miyimdir sksjsjjsjs
Ev tutuldu her tÃ¼rlÃ¼ tabak Ã§anak Ã§aydanlÄ±k yardÄ±mÄ± kabul edilir
FDA, ABDâ€™de 3. doz Biontech aÅŸÄ±sÄ±nÄ±n uygulanmasÄ±nÄ± kabul etmedi. ABDâ€™li onurlu doktorlarÄ±n aÃ§Ä±klamasÄ± yakÄ±n zamanda gÃ¼ndemeâ€¦
"Rabbim! Beni ve soyumdan gelecek olanlarÄ± namazÄ± devamlÄ± kÄ±lanlardan eyle; Rabbimiz, duamÄ± kabul et.
Ã–lÃ§me ve deÄŸerlendirme ilkelerine aykÄ±rÄ± olan karma atamayÄ± kabul etmiyoruz. 
Ã–lÃ§me ve deÄŸerlendirme ilkelerine aykÄ±rÄ± olan karma atamayÄ± kabul etmiyoruz. 
Bu gÃ¶rÃ¼ntÃ¼ler kabul edilemez. Bu ÅŸekilde alkol satÄ±ÅŸÄ±nÄ± kÄ±nÄ±yorum. Sadece Efes satmak nedir? Tuborg iÃ§enler maÄŸdur edilmiâ€¦
ArkadaÅŸlar analiz edilmesini istediÄŸiniz konileri dmden, yorumlardan kabul etmiyorum. Bu kanala abone olup sabit mesajdaki gâ€¦
Ã–lÃ§me ve deÄŸerlendirme ilkelerine aykÄ±rÄ± olan karma atamayÄ± kabul etmiyoruz. 
Recep Tayyip ErdoÄŸan kabul kabul olmuÅŸ duamÄ±zdÄ±r...
BM dahi kabul etti. KÃ¼resel  Ä±sÄ±nma 2030 sonrasÄ± kalÄ±cÄ± olacak. Bu basit cÃ¼mle milyarlarca insanÄ±n kabus dolu geleceÄŸi.
Ä°yiliÄŸe dair en ufak bir Ä±ÅŸÄ±k yok iÃ§inizde kÃ¶tÃ¼ oluÅŸunuzu kabul etmek de beni bÃ¼yÃ¼tecek yegane ÅŸey
2020 ye 15 bin verseniz yine kabul etmeyiz 23.300 olan atamamÄ±zÄ± verin
sevdiÄŸin her ÅŸeyi anlarsÄ±n affedersin ve kaybettiÄŸinde umutsuzluÄŸa kapÄ±lmazsÄ±n ve kaderin sana getirdiÄŸini kabul edersin gerâ€¦
Ã–lÃ§me ve deÄŸerlendirme ilkelerine aykÄ±rÄ± olan karma atamayÄ± kabul etmiyoruz. 
Ekrem Ä°mamoÄŸlu'nun bu yaptÄ±ÄŸÄ± kesinlikle kabul edilemez. Dolapta Efes Ã–zel Seri nasÄ±l olmaz ğŸ¤¦ğŸ»â€â™‚ï¸
Allah kabul etsin baÅŸgan
SÄ±rf dostluÄŸumuza halel gelmesin diye sen istiyorsun diye masaya oturmayÄ± kabul ettim , o burnundan kÄ±l aldÄ±rmayan kardeÅŸ aâ€¦
kabul olmayacak duaya amin demek. 
1) Celal ÅengÃ¶r'Ã¼n yaptÄ±ÄŸÄ± kabul edilebilir bir ÅŸey deÄŸil. Onun iyi bir bilim insanÄ± olmasÄ± yaptÄ±ÄŸÄ± yanlÄ±ÅŸÄ± aklamaz. Konuâ€¦
@ramoaski Ã¶yle Ã¶yle kabul et #sonyaz
Bazen iÅŸgalci gÃ¼Ã§lerin komutanlarÄ± yenilgiyi kabul edip birer birer teslim olurken durumdan habersiz askerleri mezalime dâ€¦
@ankarakulisi06 Ã–lÃ§me ve deÄŸerlendirme ilkelerine aykÄ±rÄ± olan karma atamayÄ± kabul etmiyoruz. 
Ã–lÃ§me ve deÄŸerlendirme ilkelerine aykÄ±rÄ± olan karma atamayÄ± kabul etmiyoruz. 
Karma alÄ±mÄ± kabul etmiyoruz.
e zaten hÃ¼rrem de ihaneti kabul etmedigi icin kotu olmamis miydi
ABD, Kabilâ€™den Ã§ekilmeden hemen Ã¶nce drone saldÄ±rÄ±sÄ±yla 10 masum insanÄ± Ã¶ldÃ¼rdÃ¼ÄŸÃ¼nÃ¼ kabul ettiâ€¦
Allahâ€™Ä±m dualarÄ±mÄ± kabul ettiÄŸin iÃ§in sana ÅŸÃ¼kÃ¼rler olsun ğŸ™ğŸ¼
@S_U_L_T_A_NK @miro3427 @m_eminyildirim Ne suÃ§u ? Ne kabulÃ¼ ?
Bu katliam sÃ¼recin baÅŸÄ±nda yetkili makamlarca hiÃ§bir ÅŸekilde kabul edilmedi. Hatta olayÄ±n Ã¼stÃ¼ne gidip katledilen bu ikiâ€¦
HakkÄ±mÄ±z olan ÅŸimdiye dek en az iki atamayken bu yÄ±lÄ± tamamen atamasÄ±z geÃ§irmek kabul edilir ÅŸey deÄŸilâ€¦ 
ABD, Kabilâ€™den Ã§ekilmeden hemen Ã¶nce drone saldÄ±rÄ±sÄ±yla 10 masum insanÄ± Ã¶ldÃ¼rdÃ¼ÄŸÃ¼nÃ¼ kabul ettiâ€¦
ALLAH dualarÄ±nÄ±zÄ± kabul eylesin
DualarÄ±nÄ±z kabul, cumamÄ±z mÃ¼barek olsun.
baÅŸÄ± aÃ§Ä±klar okula alÄ±nmamalÄ±. baÅŸÄ± aÃ§Ä±k Ã¶ÄŸrenci kabul eden Ã¶zel okullara yaptÄ±rÄ±m uygulanmalÄ±
DÃ¼nyanÄ±n en gÃ¼zel kÃ¼tÃ¼phanelerinden biri olarak kabul edilen BeyazÄ±t Devlet KÃ¼tÃ¼phanesi. 
"TÃ¼rk, tutsaklÄ±k kabul etmeyen bir millettir. TÃ¼rk milleti tutsak olmamÄ±ÅŸtÄ±r."
kabul et senle bi dÃ¼ÄŸÃ¼m olup geÃ§tik iÃ§ iÃ§e
Ã–lÃ§me ve deÄŸerlendirme ilkelerine aykÄ±rÄ± olan karma atamayÄ± kabul etmiyoruz. 
BugÃ¼n biz TÃ¼rkler hakkÄ±nda ileri geri, olumsuz konuÅŸanlar, topraÄŸÄ±mÄ±z Ã¼zerindeki millÃ® hÃ¢kimiyetimizi kabul edemeyenlerdir.
ArkadaÅŸlar hepimizin @maNgaMusic konseri aÃ§lÄ±ÄŸÄ± var, kabul edelim.
Allah'Ä±m kabul olmuÅŸ bir dua serinliÄŸi ver yÃ¼reÄŸimize. AminğŸ¤²ğŸ» 
"Rabbim! Beni ve soyumdan gelecek olanlarÄ± namazÄ± devamlÄ± kÄ±lanlardan eyle; Rabbimiz, duamÄ± kabul et.
HakkÄ±mÄ±z olan ÅŸimdiye dek en az iki atamayken bu yÄ±lÄ± tamamen atamasÄ±z geÃ§irmek kabul edilir ÅŸey deÄŸil
Kemalizm'in Ã¼rettiÄŸi hiÃ§ bir kavramÄ± kabul etmiyorum. 
ABD, Kabil'de dÃ¼zenlediÄŸi hava saldÄ±rÄ±sÄ±nda sivil katliamÄ±nÄ± kabul etti 
@SanliMahir KadÄ±nlar baslarini Ã¶rtsÃ¼n derler bu kabul edilsin ardindan kadinlar Ã§alÄ±ÅŸmasin derler,sonra kizlar Ã¼nivâ€¦ 
@_erdeem_ YÄ±lmaz GÃ¼ney ateÅŸ etmiyor yalnÄ±z, filmdeki karakter ateÅŸ ediyor. Sanatta â€œkabul edilmezâ€ diye bir eleÅŸtirâ€¦ 
HakkÄ±mÄ±z olan ÅŸimdiye dek en az iki atamayken bu yÄ±lÄ± tamamen atamasÄ±z geÃ§irmek kabul edilir ÅŸey deÄŸil
SuÃ§ bulamadÄ±ÄŸÄ±nÄ±z insanlara iftira attÄ±nÄ±z tutmadÄ±, ÅŸimdi de kurmaca suÃ§lar kabul ettirmeye Ã§alÄ±ÅŸÄ±yorsunuz Ã¶yle mi? Kininâ€¦
@GrknHzGr @571ErdemOzveren @tcmeb Allah, varlÄ±ÄŸÄ±nÄ± sorgusuz kabul etmenizi istese size irade ve bilinÃ§ vermezdi (inâ€¦ 
Ä°BBâ€™nin konser standÄ±nda alkol satÄ±lmasÄ±na tepki yaÄŸdÄ±: â€œBu gÃ¶rÃ¼ntÃ¼ler kabul edilemez. Sadece Efes satmak nedir? Tuborg iÃ§â€¦
@AyseMitchell @CanisLupusturk @ltburakyildirim @ozgunemrek AKP'li ler tarihi gerÃ§ekleri kabul etmezler. Onlar tarihi bileâ€¦
Ã–lÃ§me ve deÄŸerlendirme ilkelerine aykÄ±rÄ± olan karma atamayÄ± kabul etmiyoruz. 
FDA 3. doz aÅŸÄ±yÄ± kabul etmedi. ABDâ€™lilere 3. aÅŸÄ± yapÄ±lmayacak.
Karma atama kabul edilemez.
@mmkubilay @istanbulbld @TC_istanbul Ve bu Ã§ileyi en az/ortalama 200 TL taksi Ã¼creti Ã¶demeyi kabul ettiÄŸiniz halde Ã§ektiniz Murat Bey.
bu twitter de sÃ¼rekli yazÄ±m hatasÄ± veriyor bizde TÃ¼rkÃ§e biliyoruz ohaa TÃ¼rkÃ§enin t sini kÃ¼Ã§Ã¼k yazdÄ±m diye hata kabul etti
The new issue of pro-ISIS Sawt-al-Hind revealed that the ISKP bomber who attacked on kabul airport in August, killed 250 peâ€¦
Ã–lÃ§me ve deÄŸerlendirme ilkelerine aykÄ±rÄ± olan karma atamayÄ± kabul etmiyoruz. 
Nobel Ã¶dÃ¼llerinin aÃ§Ä±klanmasÄ±na kÄ±sa bir sÃ¼re kaldÄ±. AdÄ± biraz farklÄ± da olsa iktisat alanÄ±nda da Nobel olduÄŸu kabul edileâ€¦
@1Grandlegend EÅŸek kadar oluÄŸu iÃ§in pek kabul edemiyorum  ğŸ˜†
@CMYLMZ AtasÃ¶zÃ¼ deÄŸilse atasÃ¶zÃ¼ olarak kabul gÃ¶rmesi gereken bir sÃ¶z.
@ankarakulisi06 Ã–lÃ§me ve deÄŸerlendirme ilkelerine aykÄ±rÄ± olan karma atamayÄ± kabul etmiyoruz. 
SaÄŸlÄ±kÃ§Ä±lar hakkÄ± olan atamayÄ± ay bitmeden istiyor bunca zamandÄ±r bekletmeniz kabul edilir ÅŸey deÄŸil @drfahrettinkoca
@kinpembee Her ÅŸey kabulÃ¼mÃ¼z napalÄ±mm ksksjskjsks
Ã–lÃ§me ve deÄŸerlendirme ilkelerine aykÄ±rÄ± olan karma atamayÄ± kabul etmiyoruz. 
@sonyazfox @FOXTurkiye daha vizyonlu bi etiket beklerdim ama olsun kabulÃ¼m #sonyaz
FDA 3. doz aÅŸÄ±yÄ± kabul etmedi. ABDâ€™lilere 3. aÅŸÄ± yapÄ±lmayacak.
@ihacomtr Haberin iÃ§eriÄŸi ile yukarÄ±da twit farklÄ±. Ä°ÅŸkencede suÃ§lamayÄ± kabul etmediler, zorla ifade imzalatmak istediler, mâ€¦
ABD, Kabilâ€™den Ã§ekilmeden hemen Ã¶nce drone saldÄ±rÄ±sÄ±yla 10 masum insanÄ± Ã¶ldÃ¼rdÃ¼ÄŸÃ¼nÃ¼ kabul ettiâ€¦
Allah'Ä±m kalbimi takva ile tanÄ±ÅŸtÄ±r, bedenimi kabul edeceÄŸin iÅŸlerde Ã§alÄ±ÅŸtÄ±r...
Ã–lÃ§me ve deÄŸerlendirme ilkelerine aykÄ±rÄ± olan karma atamayÄ± kabul etmiyoruz. 
@bentavsndegilim Kim Taehyung, Refi Derya'nÄ± eÅŸin olarak kabul ediyor musun? (LÃ¼tfen evet de)
@elifazrart RABBÄ°M cennetine kabul eylesin geride kalanlara sabÄ±rlar versin
Bu tablo aÅŸÄ±larÄ±n "kabul edilmiÅŸ etkisizliÄŸini" bir kez daha gÃ¶zler Ã¶nÃ¼neâ€¦
@mehmetceyhan23 "Kendilerinin kabul ettiÄŸi aÅŸÄ±lar" ne kadar ticari bir cÃ¼mle iÃ§eriÄŸi.. Ve kabul edilemez..
@drfakiakin Benim bildiÄŸim kabul ediliyor hocam yeni bir uygulama yoksa
#MEBoyKaybettiriyor son 17 yÄ±lÄ±n en bÃ¼yÃ¼k maÄŸduriyetini yaÅŸÄ±yoruz karma atama kabul edilemez ..
Ã–lÃ§me ve deÄŸerlendirme ilkelerine aykÄ±rÄ± olan karma atamayÄ± kabul etmiyoruz. 
@ankarakulisi06 Ã–lÃ§me ve deÄŸerlendirme ilkelerine aykÄ±rÄ± olan karma atamayÄ± kabul etmiyoruz. 
Sevmek;deÄŸiÅŸtirmeye Ã§alÄ±ÅŸmamak olduÄŸu gibi kabul etmek deÄŸilmidir?
Ã–lÃ§me ve deÄŸerlendirme ilkelerine aykÄ±rÄ± olan karma atamayÄ± kabul etmiyoruz. 
SanÄ±rÄ±m annem kabul edecek... UmarÄ±m eder gerÃ§ekten ihtiyacÄ±m var buna
@tabutasigmayan Allah ÅŸehadetini kabul etsin
Ben yazÄ±nca ouv ouv sefscout yazÄ±nca iyi fikir, walla bu sitede ismin olcak fikrinin kabul gÃ¶rmesi iÃ§in
@ardabahar39 ğŸ‘‹Tek kabul edersenz alkoleri alÄ±p gelyim yada dÄ±ÅŸarda bÄ± yerlerde iÃ§ip tansblrz
Ã–lÃ§me ve deÄŸerlendirme ilkelerine aykÄ±rÄ± olan karma atamayÄ± kabul etmiyoruz. 
@OtorazziRomeo Åu anda Lawrence Strollâ€™un yÃ¶nettiÄŸi konsorsiyum, Ã‡inli teklifleri kabul etmiyorâ€¦
Bu katliam sÃ¼recin baÅŸÄ±nda yetkili makamlarca hiÃ§bir ÅŸekilde kabul edilmedi. Hatta olayÄ±n Ã¼stÃ¼ne gidip katledilen bu ikiâ€¦
Ã–lÃ§me ve deÄŸerlendirme ilkelerine aykÄ±rÄ± olan karma atamayÄ± kabul etmiyoruz. 
master programÄ±na kabul aldÄ±m. Gidiyorum demeyi Ã§ok isterdim ama 2,5 yÄ±l daha buralardayÄ±m :,)
SaÄŸlÄ±kÃ§Ä±lar hakkÄ± olan atamayÄ± ay bitmeden istiyor bunca zamandÄ±r bekletmeniz kabul edilir ÅŸey deÄŸil @drfahrettinkoca
twitter girlâ€™lugum sonunda kabul edildiğŸ™ğŸ» 
ArkadaÅŸlar ÅŸunu kabul edin â€œÄ°slami hassasiyetâ€ konusunun sÄ±nÄ±rÄ± yok. Namaza baÅŸlasan â€œAllah kabul etsin de mÃ¼zik haram be kâ€¦
Kondomsuz sikmeyi kabul ediyorsan yoruma kabul ediyorum yaz mesaj kutuna bak 
HakkÄ±mÄ±z olan ÅŸimdiye dek en az iki atamayken bu yÄ±lÄ± tamamen atamasÄ±z geÃ§irmek kabul edilir ÅŸey deÄŸil
@ardabahar39 ğŸ‘‹Tek kabul edersenz alkoleri alÄ±p gelyim yada dÄ±ÅŸarda bÄ± yerlerde de iÃ§ip tansblrz
@fblialonso @EnesBolelli KaÃ§Ä±rdÄ±ÄŸÄ± penaltÄ±dan dolayÄ± 1.5 mn ye aldÄ±k. Yoksa 5 mn bile versen kabul etmiyorlardÄ±.
@SalihaOkurGmr Adam gerÃ§ekten Ã§ok kibar konuÅŸmuÅŸ. Fakat kadÄ±nlarla ilgili herhangi bir yorumu kabul edemediÄŸi iÃ§inâ€¦ 
@nurisevgen Bu bir spor deÄŸildir resmen vahÅŸettir kabul edilemez
#JoeBidenmustresign have blood on your hands for the botch drone strike in kabul that killed innocent lives due toâ€¦ 
Taliban in kabul#babul in trinamul 
@tcbuyuksehir ÅŸaÅŸÄ±rdÄ±k mÄ±? hayÄ±r.. komisyon almayÄ±nca kabul etmezler.. Ã§Ã¼nkÃ¼ ssdece kurum kazanacak..
DualarÄ±mÄ±zÄ± tez zamandan kabul eyle.
Ä°BBâ€™nin konser standÄ±nda alkol satÄ±lmasÄ±na tepki yaÄŸdÄ±: â€œBu gÃ¶rÃ¼ntÃ¼ler kabul edilemez. Sadece Efes satmak nedir? Tuborg iÃ§â€¦
@ErsinAkyuz2 @Fencii9 Ã–lÃ§me ve deÄŸerlendirme ilkelerine aykÄ±rÄ± olan karma atamayÄ± kabul etmiyoruz. 
@___salca___ Asla kabul etmem bu ben ğŸ˜‚ğŸ˜‚
Gerekir ? kalpleri Ã¶ldÃ¼renlerin de cinayet iÅŸlediÄŸi artÄ±k kabul edilmelidâ€¦ 
Durumu olmayan birinin kendisinden daha yÃ¼ksek konumda olan birine imrenmesi ve gÄ±pta etmesi bir yere kadar kabul eâ€¦ 
@LibertyPala Allah kabul etsin
@agliycm Evet ne gÃ¼zel Ã§irkin olduÄŸumu kabul etmiÅŸsin
Ä°BBâ€™nin konser standÄ±nda alkol satÄ±lmasÄ±na tepki yaÄŸdÄ±: â€œBu gÃ¶rÃ¼ntÃ¼ler kabul edilemez. Sadece Efes satmak nedir? Tuborg iÃ§â€¦
sizce ben bi anlÄ±k sinirle almanyadaki iÅŸe baÅŸvur ve kabul edilmiÅŸ miyimdir dkdkdkkd
@iamroleximyok Asla cemaat gÃ¼zellemiyorum ama eÄŸer orasÄ± da kabul etmeseydi napardÄ±m bilmiyorum. BÃ¶yle uygun fiyatlâ€¦ 
ezan baÅŸladÄ± allah kabul etsin hepimizin dualarine 
Ikincisi, test sonuÃ§larÄ±nÄ±n kabul edilmemesiâ€¦
"HavayÄ± geldiÄŸi gibi, rÃ¼zgarÄ± estiÄŸi gibi, kadÄ±nÄ± da olduÄŸu gibi kabul etmeli.â€ demiÅŸ Musset.
"FDA aÅŸÄ±nÄ±n korumaktan Ã§ok Ã¶ldÃ¼rdÃ¼ÄŸÃ¼nÃ¼ kabul etti."
@gamzesizgamze93 GÃ¶nÃ¼lden nasÄ±l dilediyse kabul olmuÅŸ ğŸ¥º Bizler eminiz ki cennetin en gÃ¼zel bahÃ§esindeler. ğŸ•ŠğŸ¤
Allah kabul etsin!
bÃ¼tÃ¼n Ã¶ÄŸrenciler ve veliler kendini yÃ¼zyÃ¼ze eÄŸitime hazÄ±rlamÄ±ÅŸken o kadar masraf yapÄ±lmÄ±ÅŸken bÃ¶yle bir aÃ§Ä±klama kabul ediâ€¦
ezan baÅŸladÄ± allah kabul etsin hepimizin dualarine 
University of Sheffield Elektrik ve Elektronik MÃ¼hendisliÄŸi Lisans bÃ¶lÃ¼mÃ¼ne baÅŸvuran Ã¶ÄŸrencimiz kabul edildi !
Ä°yiliÄŸe dair en ufak bir Ä±ÅŸÄ±k yok iÃ§inizde kÃ¶tÃ¼ oluÅŸunuzu kabul etmek de beni bÃ¼yÃ¼tecek yegane ÅŸey
@Osmanunsal58 dÃ¼nyada asla kabul gÃ¶rmeyecek size ite kaka 1 trilyon kiÅŸi baÅŸÄ± 125 adet biontech kakalanacaktir eminâ€¦ 
@Fmanaliz1 Bro Naci'ye ne kadar verirsem vereyim ÅŸerefsiz Ajax kabul etmiyor. Benden 144 istemiÅŸti bir keresinde :Dâ€¦ 
@SOzvural1 Ã–lÃ§me ve deÄŸerlendirme ilkelerine aykÄ±rÄ± olan karma atamayÄ± kabul etmiyoruz. 
Masum bir insana iÅŸkence ederek suÃ§u kabul ettirmeye zorladiniz. BaktÄ±nÄ±z olmuyor. Birileri dÃ¼ÄŸmeye basmÄ±ÅŸ olmalÄ± ki aynÄ± aâ€¦
Memura 0 zamma karÅŸÄ±lÄ±k 400 TL aldatmacasÄ±nÄ± kabul etmiyoruz. #ZamlarVe400TLlikSendika
HakkÄ±mÄ±z olan ÅŸimdiye dek en az iki atamayken bu yÄ±lÄ± tamamen atamasÄ±z geÃ§irmek kabul edilir ÅŸey deÄŸil
@krizantem_____ Rabb'im Åehadetini kabul eylesin. BaÅŸÄ±mÄ±z saÄŸolsun
ArkadaÅŸlar ÅŸunu kabul edin â€œÄ°slami hassasiyetâ€ konusunun sÄ±nÄ±rÄ± yok. Namaza baÅŸlasan â€œAllah kabul etsin de mÃ¼zik haram be kâ€¦
FDA, ABDâ€™de 3. doz Biontech aÅŸÄ±sÄ±nÄ±n uygulanmasÄ±nÄ± kabul etmedi. ABDâ€™li onurlu doktorlarÄ±n aÃ§Ä±klamasÄ± yakÄ±n zamanda gÃ¼ndemeâ€¦
Gladbach bÃ¼yÃ¼k hayal kÄ±rÄ±klÄ±ÄŸÄ± yarattÄ±. ÅÃ¶yle bir maÃ§ta Augsburg'a yenilmesi, 11 ÅŸutta kalmasÄ± kabul edilebilir birâ€¦ 
Ä°BBâ€™nin konser standÄ±nda alkol satÄ±lmasÄ±na tepki yaÄŸdÄ±: â€œBu gÃ¶rÃ¼ntÃ¼ler kabul edilemez. Sadece Efes satmak nedir? Tuborg iÃ§â€¦
Ã–lÃ§me ve deÄŸerlendirme ilkelerine aykÄ±rÄ± olan karma atamayÄ± kabul etmiyoruz. 
Ã–lÃ§me ve deÄŸerlendirme ilkelerine aykÄ±rÄ± olan karma atamayÄ± kabul etmiyoruz. 
FDA, ABDâ€™de 3. doz Biontech aÅŸÄ±sÄ±nÄ±n uygulanmasÄ±nÄ± kabul etmedi. ABDâ€™li onurlu doktorlarÄ±n aÃ§Ä±klamasÄ± yakÄ±n zamanda gÃ¼ndemeâ€¦
Ä°BBâ€™nin konser standÄ±nda alkol satÄ±lmasÄ±na tepki yaÄŸdÄ±: â€œBu gÃ¶rÃ¼ntÃ¼ler kabul edilemez. Sadece Efes satmak nedir? Tuâ€¦ 
Ã‡Ä±kma teklifi etsem kabul eder misin?
Ã–lÃ§me ve deÄŸerlendirme ilkelerine aykÄ±rÄ± olan karma atamayÄ± kabul etmiyoruz. 
I stuck in kabul due to SIV bureaucracyØŒ  it will takes time and also the the Tâ€¦
HakkÄ±mÄ±z olan ÅŸimdiye dek en az iki atamayken bu yÄ±lÄ± tamamen atamasÄ±z geÃ§irmek kabul edilir ÅŸey deÄŸil
HayÄ±rlÄ± cumalarâ€¦ Rabbim dualarÄ±mÄ±zÄ± kabul, birliÄŸimizi daim eylesinâ€¦ #CumanÄ±zMÃ¼barekOlsun #HayÄ±rlÄ±Cumalar 
Ã–lÃ§me ve deÄŸerlendirme ilkelerine aykÄ±rÄ± olan karma atamayÄ± kabul etmiyoruz. 
Ancak talimatla deÄŸil hakkaniyetle karar veren mahkemenin ilk hÃ¢kimi bu gÃ¶rÃ¼ntÃ¼leri delil kabul etmeyerek kardeÅŸlerimizi sâ€¦
Ã–lÃ§me ve deÄŸerlendirme ilkelerine aykÄ±rÄ± olan karma atamayÄ± kabul etmiyoruz. 
Hafta sonu baÄŸ evi planÄ±mÄ±z vardÄ±, vardÄ±ÄŸÄ±mÄ±zda mutfakta yangÄ±n Ã§Ä±kmasÄ± sebebiyle misafir kabul edemediler, Mustafaâ€¦ 
Ã–lÃ§me ve deÄŸerlendirme ilkelerine aykÄ±rÄ± olan karma atamayÄ± kabul etmiyoruz. 
Bende bunu istiyorum ama param yok para yok en iyisi ablamdan doÄŸum gÃ¼nÃ¼ hediyesi olarak isteyim dua edin kabul etsâ€¦ 
@TeskilattHafiye Allah  kabul eylesin inÅŸaallah ğŸ¤²
@KaanSekbann Bu yÃ¼zden okulumun ilk haftasÄ±nÄ± kaÃ§Ä±racaÄŸÄ±m. 4 Ekimâ€™de 17 civarÄ±nda Ã¼lkenin aÅŸÄ±larÄ± kabul edilecek. Bâ€¦ 
KadÄ±kÃ¶y Gazhane'de Chp'li Ä°BB'nin konserde 25 yÄ±l sonra alkol satÄ±ÅŸÄ± yapmasÄ±, genÃ§leri alkole teÅŸvik etmesi kabul edilemâ€¦
BeÄŸenerek kabul edebilirsiniz diâ€¦ 
Bu tablo aÅŸÄ±larÄ±n "kabul edilmiÅŸ etkisizliÄŸini" bir kez daha gÃ¶zler Ã¶nÃ¼neâ€¦
Mais uma vergonha na caÃ³tica retirada dos EUA de #kabul p/colocar na conta de Washington. Durante a retirada os EUA atacaram uâ€¦
TBMM'nin kabul ettiÄŸi #Ä°stanbulSÃ¶zleÅŸmesi'ni bir gecede kaldÄ±ranlarÄ±, kadÄ±n haklarÄ±nÄ± yok sayanlarÄ±, kadÄ±n cinayetlerinâ€¦
YanlÄ±ÅŸ olduÄŸu bilinen, sÃ¶ylenemese de kabul edilen bir olay Ã¼zerinde durmak daha kÃ¶tÃ¼ deÄŸil midir?
Misafir kabul ediyor musun ğŸ˜‚
2020 ye 15 bin verseniz yine kabul etmeyiz 23.300 olan atamamÄ±zÄ± verin
master programÄ±na kabul aldÄ±m. Gidiyorum demeyi Ã§ok isterdim ama 2,5 yÄ±l daha buralardayÄ±m (:
Hazineye kabulÃ¼nÃ¼ bile saglarim
Ã–lÃ§me ve deÄŸerlendirme ilkelerine aykÄ±rÄ± olan karma atamayÄ± kabul etmiyoruz. 
@MuhalifJK Allah kabul etsin ne diyeyim
Nobel Ã¶dÃ¼llerinin aÃ§Ä±klanmasÄ±na kÄ±sa bir sÃ¼re kaldÄ±. AdÄ± biraz farklÄ± da olsa iktisat alanÄ±nda da Nobel olduÄŸu kabul edileâ€¦
FDA, ABDâ€™de 3. doz Biontech aÅŸÄ±sÄ±nÄ±n uygulanmasÄ±nÄ± kabul etmedi. ABDâ€™li onurlu doktorlarÄ±n aÃ§Ä±klamasÄ± yakÄ±n zamanda gÃ¼ndemeâ€¦
Ä°nsta da Ã§ok gÃ¼zel bi kÄ±z istek attÄ± hemen gt yaptÄ±m Ã§ok gÃ¼zel duruyo sayÄ±fayÄ± yeniliyom 5dkdÄ±r kabul etsin diye dÅŸmdÅŸxÃ¶xiÅŸdi
Ã–lÃ§me ve deÄŸerlendirme ilkelerine aykÄ±rÄ± olan karma atamayÄ± kabul etmiyoruz. 
UÃ§uÅŸta PCR sonucun varsa aÅŸÄ± olma zorunluluÄŸu yok, ama aÅŸÄ± olunsa bile PCR gÃ¶stermek zorunlu. Bunu anlamak ve kabulâ€¦ 
Yolcu duasi isteyen buyursun aÄŸlarken belki kabul olur ğŸ¥º
Ä°BBâ€™nin konser standÄ±nda alkol satÄ±lmasÄ±na tepki yaÄŸdÄ±: â€œBu gÃ¶rÃ¼ntÃ¼ler kabul edilemez. Sadece Efes satmak nedir? Tuborg iÃ§â€¦
@agliycm Cnm gerÃ§ekleri kabul et artÄ±k
#odas 1.30 bandÄ±na kadar sarkmalar normal kabul edilebilir. AltÄ±na inmemeli 
@anadoluuirfanii Allah kabul etsin
Ã–lÃ§me ve deÄŸerlendirme ilkelerine aykÄ±rÄ± olan karma atamayÄ± kabul etmiyoruz. 
YanlÄ±ÅŸ olduÄŸu bilinen, sÃ¶ylenemese de kabul edilen bir olay Ã¼zerinde durmak daha kÃ¶tÃ¼ deÄŸil midir?
ArkadaÅŸlar ÅŸunu kabul edin â€œÄ°slami hassasiyetâ€ konusunun sÄ±nÄ±rÄ± yok. Namaza baÅŸlasan â€œAllah kabul etsin de mÃ¼zik haram be kâ€¦
@seksshastasi Cnm tabiikide kabul ediyorum seninle olayÄ±m yeter sonra ne istersen
ArkadaÅŸlar ÅŸunu kabul edin â€œÄ°slami hassasiyetâ€ konusunun sÄ±nÄ±rÄ± yok. Namaza baÅŸlasan â€œAllah kabul etsin de mÃ¼zik haram be kâ€¦
@omerrincii_ Acaba evlatlÄ±k alsam evlenmesem kabul olmaz mÄ± Ã¶yle ğŸ™„ğŸ˜‚
@seksshastasi @olgunhulyaa kabul ediyorum..
Sizce kuafÃ¶r bana fondÃ¶ten sÃ¼rmek istediÄŸinde ben kabul etmeyince ÅŸaÅŸÄ±rmÄ±ÅŸ mÄ±dÄ±r? Evet yaptÄ±ÄŸÄ±m tek makyaj eyeliner sÃ¼rmek oldu evet
Ã–lÃ§me ve deÄŸerlendirme ilkelerine aykÄ±rÄ± olan karma atamayÄ± kabul etmiyoruz. 
FDA 3. doz aÅŸÄ±yÄ± kabul etmedi. ABDâ€™lilere 3. aÅŸÄ± yapÄ±lmayacak.
Ã–lÃ§me ve deÄŸerlendirme ilkelerine aykÄ±rÄ± olan karma atamayÄ± kabul etmiyoruz. 
@1923_cum Sebep olanlarÄ± Toprakta kabul etmeyecek. 
@ruyahsen Mahalle de Esra birisi gÃ¶rÃ¼r ise ne dÃ¼ÅŸÃ¼nÃ¼rler dedi karÅŸÄ±lÄ±ÄŸÄ± umrum da bile deÄŸil oldu Esra kabul etse ÅŸuâ€¦ 
Ã–lÃ§me ve deÄŸerlendirme ilkelerine aykÄ±rÄ± olan karma atamayÄ± kabul etmiyoruz. 
Ä°BBâ€™nin konser standÄ±nda alkol satÄ±lmasÄ±na tepki yaÄŸdÄ±: â€œBu gÃ¶rÃ¼ntÃ¼ler kabul edilemez. Sadece Efes satmak nedir? Tuborg iÃ§â€¦
Selincim neden kabul etmiyorsun beni. Bak ben seninle kanka olmak istiyorum. GerÃ§ekten Ã§ok gÃ¼zel anlaÅŸÄ±rÄ±z. Eminizâ€¦ 
Online eÄŸitimi gercek bir eÄŸitim olarak gÃ¶rmÃ¼yoruz egitim hakkimizi elimizden alamazsiniz online eÄŸitimi kabul etmiyoruzâ€¦
@SOzvural1 Ã–lÃ§me ve deÄŸerlendirme ilkelerine aykÄ±rÄ± olan karma atamayÄ± kabul etmiyoruz. 
DiplomamÄ± alÄ±n kyk borcumu silin ben kabulÃ¼m.
@AYarenEB Can kardeÅŸim Rabbim abine de ÅŸifa versin bizim dualarÄ±mÄ±zÄ± Allah kabul eylesin Rabbim kardeÅŸine ÅŸifa verdâ€¦ 
Sevgili ciftlerÄ± ben kabul etmiyorum dedÄ±m diye
Karma alÄ±mÄ± kabul etmiyoruz.
Ã–lÃ§me ve deÄŸerlendirme ilkelerine aykÄ±rÄ± olan karma atamayÄ± kabul etmiyoruz. 
babaannem kpss kitaplarÄ±m sponsor olmayÄ± kabul etti gÃ¼nÃ¼n en gÃ¼zel haberi ğŸ˜‚
2020 Kpss'ye verilmiÅŸ ek atamayÄ± baÅŸka yÄ±la vermenizi nasÄ±l kabulâ€¦
SaÄŸlÄ±kÃ§Ä±lar hakkÄ± olan atamayÄ± ay bitmeden istiyor bunca zamandÄ±r bekletmeniz kabul edilir ÅŸey deÄŸil @drfahrettinkoca
buruan yuk 56 mantan bikin rumah kpk di kabul afganista
AnahtarlÄ±ÄŸÄ±m bu ÅŸekilde olduÄŸu iÃ§in maÃ§a giriÅŸ iÃ§in kabul edilmedim(!) 
OlduÄŸu haliyle kabul edemediÄŸin hiÃ§ kimseye bir gÃ¼n deÄŸiÅŸir umuduyla katlanma.
Sevgili ciftlerÄ± ben kabul etmiyorum dedÄ±m diye
@chaegodl istegimi kabul ettigine gore bana guveniyosun agliyom ğŸ˜­ğŸ˜­ğŸ˜­ğŸ˜­ğŸ˜­
@CcCapris Bu devrin Ã§ocuklarÄ± tehlikeli ve bizden zekiler kabul etmeliyiz.ğŸ¤·ğŸ»
Ã–lÃ§me ve deÄŸerlendirme ilkelerine aykÄ±rÄ± olan karma atamayÄ± kabul etmiyoruz. 
@taabikihakliyim Allah kabul etsin Sjkjkskjjk
Ä°BBâ€™nin konser standÄ±nda alkol satÄ±lmasÄ±na tepki yaÄŸdÄ±: â€œBu gÃ¶rÃ¼ntÃ¼ler kabul edilemez. Sadece Efes satmak nedir? Tuborg iÃ§â€¦
"HavayÄ± geldiÄŸi gibi, rÃ¼zgarÄ± estiÄŸi gibi, kadÄ±nÄ± da olduÄŸu gibi kabul etmeli.â€ demiÅŸ Musset.
Åahadetin kabul olsun ÅŸehidim .
Ã§Ä±kma teklifi etsem kabul eder misiniz? Ã§aldÄ±mm
Ä°BBâ€™nin konser standÄ±nda alkol satÄ±lmasÄ±na tepki yaÄŸdÄ±: â€œBu gÃ¶rÃ¼ntÃ¼ler kabul edilemez. Sadece Efes satmak nedir? Tuborg iÃ§â€¦
@cokyeniyizz hÃ¼manistlik iÅŸte insanlÄ±k falan bÄ±dÄ± bÄ±dÄ± kabul etmiyorum hocam ben
TÃ¼rkiye #deprem gerÃ§eÄŸini kabul etmeli.
Ã–lÃ§me ve deÄŸerlendirme ilkelerine aykÄ±rÄ± olan karma atamayÄ± kabul etmiyoruz. 
Ã–lÃ§me ve deÄŸerlendirme ilkelerine aykÄ±rÄ± olan karma atamayÄ± kabul etmiyoruz. 
Bu katliam sÃ¼recin baÅŸÄ±nda yetkili makamlarca hiÃ§bir ÅŸekilde kabul edilmedi. Hatta olayÄ±n Ã¼stÃ¼ne gidip katledilen bu ikiâ€¦
@SOzvural1 Ã–lÃ§me ve deÄŸerlendirme ilkelerine aykÄ±rÄ± olan karma atamayÄ± kabul etmiyoruz. 
yalan gÃ¼Ã§lÃ¼ye sÃ¶ylenir..kimseyi kendinizden gÃ¼Ã§lÃ¼ kabul etmeyin dÃ¼rÃ¼st olun..
Ã–lÃ§me ve deÄŸerlendirme ilkelerine aykÄ±rÄ± olan karma atamayÄ± kabul etmiyoruz. 
ALLÃ‚H isterse kabul olmayacak DuÃ¢, 
@ErsinAkyuz2 @Fencii9 Ã–lÃ§me ve deÄŸerlendirme ilkelerine aykÄ±rÄ± olan karma atamayÄ± kabul etmiyoruz. 
Bu tablo aÅŸÄ±larÄ±n "kabul edilmiÅŸ etkisizliÄŸini" bir kez daha gÃ¶zler Ã¶nÃ¼neâ€¦
2020 ye 15 bin verseniz yine kabul etmeyiz 23.300 olan atamamÄ±zÄ± verin
Ã–lÃ§me ve deÄŸerlendirme ilkelerine aykÄ±rÄ± olan karma atamayÄ± kabul etmiyoruz. 
ezan baÅŸladÄ± allah kabul etsin hepimizin dualarine 
ABD, Kabil'de dÃ¼zenlediÄŸi hava saldÄ±rÄ±sÄ±nda sivil katliamÄ±nÄ± kabul etti 
Ã–lÃ§me ve deÄŸerlendirme ilkelerine aykÄ±rÄ± olan karma atamayÄ± kabul etmiyoruz. 
Ä°nsan hatalarÄ±nÄ± kabul edebildiÄŸi  kadar bÃ¼yÃ¼k ,hatalarÄ±ndan ders Ã§Ä±karabildiÄŸi kadar akÄ±llÄ±, bu hatalarÄ± dÃ¼zeltebiâ€¦ 
HakkÄ±mÄ±z olan ÅŸimdiye dek en az iki atamayken bu yÄ±lÄ± tamamen atamasÄ±z geÃ§irmek kabul edilir ÅŸey deÄŸil
Her kitaptan alÄ±nacak Ã¶ÄŸÃ¼t mutlaka vardÄ±r. Ä°Ã§inde doÄŸru kabul etmeyeceÄŸiniz ÅŸeyler olsa dahi.
@ucanpicama Allah kabul etsin hocam ğŸ™
GÃ¼nÃ¼nÃ¼z aydÄ±n DualarÄ±nÄ±z kabul olsun inÅŸallah 
"Allah'Ä±m! Fayda vermeyen ilimden, huÅŸÃ» duymayan kalpten, doymayan nefisten ve kabulâ€¦
Ã–lÃ§me ve deÄŸerlendirme ilkelerine aykÄ±rÄ± olan karma atamayÄ± kabul etmiyoruz. 
@eelmaa6 Neyi yazmamÄ±ÅŸÄ±m acaba bir noktalama iÅŸaretine takilmissin kabul etmiyosunuz bo'da oyunuculugu ko-tuuuu anlayÄ±n artikk
ArkadaÅŸlar ÅŸunu kabul edin â€œÄ°slami hassasiyetâ€ konusunun sÄ±nÄ±rÄ± yok. Namaza baÅŸlasan â€œAllah kabul etsin de mÃ¼zik haram be kâ€¦
Ä°ngiltere TÃ¼rkiyeâ€™de yapÄ±lan biontech aÅŸÄ±sÄ±nÄ± ne zaman kabul edecek? @drfahrettinkoca @TurkConsLondon @TurkEmbLondon @Mevâ€¦
Ã–lÃ§me ve deÄŸerlendirme ilkelerine aykÄ±rÄ± olan karma atamayÄ± kabul etmiyoruz. 
Bunca Ã¶ÄŸretmen kardeÅŸimiz ve aileleri bu durumu kabul etmiyor
@akgununsilahi kabul edilmiÅŸtir bence 
@akademiklisan Allah kabul etsin inÅŸallah
@AdsKulubu 5 ten aÅŸaÄŸÄ± kabul etmiyorum. GÃ¶sterin artÄ±k kalitenizi...
Kondomsuz sikmeyi kabul ediyorsan yoruma kabul ediyorum yaz mesaj kutuna bak 
Bu Ã§ocuklara sevgili devletimiz ajan bile dedi sonradan ÅŸehit kabul ettiler. Yani bu Ã¼lkeden bir bok olmaz
Bu ne demek oluyor,Turkiye'de yapÄ±lan  Biontech aÅŸÄ±larÄ±nÄ± niye kabul etmiyorlar da Amerika ya da Avrupa BirliÄŸi Ã¼lkeleriâ€¦
Ã–lÃ§me ve deÄŸerlendirme ilkelerine aykÄ±rÄ± olan karma atamayÄ± kabul etmiyoruz. 
ArkadaÅŸlar ÅŸunu kabul edin â€œÄ°slami hassasiyetâ€ konusunun sÄ±nÄ±rÄ± yok. Namaza baÅŸlasan â€œAllah kabul etsin de mÃ¼zik haram be kâ€¦
kabul olmayacak duaya amin demek. 
Siyasal Ä°slamcÄ±larÄ±n en bÃ¼yÃ¼k Ã¶zelliÄŸi; beceriksiz olduklarÄ±nÄ± hiÃ§bir zaman kabul etmeyip, hep baÅŸkalarÄ±na suÃ§u atmaktÄ±râ€¦
nerelisiniz bilmiyorum ama, rumuzun hakkÄ±nÄ± verdiÄŸinizi kabul etmeliyim. ğŸ˜Š
1- Ä°ngiltere bizim aÅŸÄ±yÄ± kabul etmiyor.
2- Ä°ngiltere Avrupa BirliÄŸi aÅŸÄ±larÄ±nÄ± kabul ediyor.
@nazohayat @nurxodc gerÃ§ekten hiÃ§ utanman yok mu Ã¶nce yalanlÄ±yorsun sonra kabul ediyorsun sonra bir yalan daha sÃ¶ylâ€¦ 
@ruhunicsesi Ben kabul etmiyorum bunuğŸ˜‚ğŸ˜‚
"Bunlar 'gÃ¼naydÄ±n'Ä± kabul etmiyorlar. SelamÃ¼naleykÃ¼m diyorlar ve bunun MÃ¼slÃ¼manlar arasÄ±nda manevi bir baÄŸ olduÄŸunu ilâ€¦
@sehersnr Banka kasasÄ± anattari gibi tabi kabul etmezler
Gazeteci GÃ¶khan Ã–zbek: YSK, seÃ§imden sonra Selahattin DemirtaÅŸ'Ä±n adaylÄ±ÄŸÄ±nÄ± kabul etmezse, muhalefet 4 milyon oy kaybÄ±â€¦
@mehmetceyhan23 buna sÃ¶ylemek istediÄŸin var mÄ± ceyhan #BionTech 3.doz kabul gÃ¶rmedi sebep aÅŸaÄŸÄ±yÄ± oku oku oku yazÄ±kâ€¦ 
Ã¼lkenin en bÃ¼yÃ¼k savunma sanayii ÅŸirketlerinden biri staj baÅŸvurusu iÃ§in cv bile kabul etmiyor, sitelerindeki baÅŸvuâ€¦ 
sizce ben olmaz nasÄ±lsa diye almanya olan iÅŸe baÅŸvurmuÅŸ ve kabul edilmiÅŸ miyimdir  skskksksk
Ã–lÃ§me ve deÄŸerlendirme ilkelerine aykÄ±rÄ± olan karma atamayÄ± kabul etmiyoruz. 
@duaistan SevdiÄŸim var anneciim gÃ¶rÃ¼cÃ¼ kabul etmeeh
Bu katliam sÃ¼recin baÅŸÄ±nda yetkili makamlarca hiÃ§bir ÅŸekilde kabul edilmedi. Hatta olayÄ±n Ã¼stÃ¼ne gidip katledilen bu ikiâ€¦
Siyasal Ä°slamcÄ±larÄ±n en bÃ¼yÃ¼k Ã¶zelliÄŸi; beceriksiz olduklarÄ±nÄ± hiÃ§bir zaman kabul etmeyip, hep baÅŸkalarÄ±na suÃ§u atmaktÄ±râ€¦
@Neslihan662 Her dayatmayi itiraz etmeden kabul eder....ortada sorun kalmaz...
@ankarakulisi06 Ã–lÃ§me ve deÄŸerlendirme ilkelerine aykÄ±rÄ± olan karma atamayÄ± kabul etmiyoruz. 
YÄ±lmaz GÃ¼ney severler kusura bakmasÄ±n ama bu kabul edilir gibâ€¦
@eserbwn batuhanÄ±n yanÄ±nda barÄ±ÅŸÄ±n tercih olmasÄ± bile yazÄ±k kabul edemem bunu aÄŸlÄ±yorum
Ä°BBâ€™nin konser standÄ±nda alkol satÄ±lmasÄ±na tepki yaÄŸdÄ±: â€œBu gÃ¶rÃ¼ntÃ¼ler kabul edilemez. Sadece Efes satmak nedir? Tuborg iÃ§â€¦
Ä°BBâ€™nin konser standÄ±nda alkol satÄ±lmasÄ±na tepki yaÄŸdÄ±: â€œBu gÃ¶rÃ¼ntÃ¼ler kabul edilemez. Sadece Efes satmak nedir? Tuborg iÃ§â€¦
BugÃ¼n geri zekalÄ± kabul gÃ¼nÃ¼m falan galiba bu kadar olmaz olamaz olmamalÄ±.
ArkadaÅŸlar ÅŸunu kabul edin â€œÄ°slami hassasiyetâ€ konusunun sÄ±nÄ±rÄ± yok. Namaza baÅŸlasan â€œAllah kabul etsin de mÃ¼zik haram be kâ€¦
O, esaret ve aÅŸaÄŸÄ±lÄ±ÄŸÄ± kabul etmez.
@siradisifoto @iyikiogrendim Alafranga tuvalet, klima, Ã§amaÅŸÄ±r makinasÄ± ve uÃ§ak olursa eÄŸer kabul.... ğŸ¤ª Belki birdeâ€¦ 
@ankarakulisi06 Ã–lÃ§me ve deÄŸerlendirme ilkelerine aykÄ±rÄ± olan karma atamayÄ± kabul etmiyoruz. 
Kondomsuz sikmeyi kabul ediyorsan yoruma kabul ediyorum yaz mesaj kutuna bak 
@oblomovcllk Her ÅŸeyi kabul ettiÄŸine gÃ¶re sergen hacanin fenerin kocasÄ± olduÄŸunu da kabul ediyorsun dimii
@Parodistann @CucuginaA @vekilince CuntanÄ±n yaptÄ±ÄŸÄ± referandum o :D hakl kabul etmeseydi ikinci anayasa teklifi halâ€¦ 
MEB bu inattan vazgeÃ§ip yapÄ±cÄ± olmak zorunda! Karma atama, tÃ¼m Ã¶lÃ§me ve deÄŸerlendirme uzmanlarÄ±nca kabul gÃ¶rmemiÅŸ ve adaâ€¦
@tcmeb Bunu hangi vicdan kabul ediyor?? 
Ã–lÃ§me ve deÄŸerlendirme ilkelerine aykÄ±rÄ± olan karma atamayÄ± kabul etmiyoruz. 
@beterbocekkkk Belki bisey protesto ediyor hemen linc etmiyelim.Batida bu tip protestolar olagan kabul ediliyor.On yargili olmamak lazim.
istenmediÄŸi zaman kendini insanÄ±n gÃ¶zÃ¼ne soka soka kabul ettireceÄŸini sananlar gerÃ§ekten Ã§ok yoruyorsunuz ya
Ã–lÃ§me ve deÄŸerlendirme ilkelerine aykÄ±rÄ± olan karma atamayÄ± kabul etmiyoruz. 
Bu durum tam anlamÄ±yla rezalet.Bu kadar insanla dalga mÄ± geÃ§iyorsunuz.Madem uluslararsÄ± ulaÅŸÄ±mda kabul edilmeyeckiâ€¦ 
Ne karma atamayÄ± ne de hiÃ§bir maÄŸduriyete ilaÃ§ olmayacak 15.000'lik sayÄ±yÄ± kabul etmiyoruz .
Ã–lÃ§me ve deÄŸerlendirme ilkelerine aykÄ±rÄ± olan karma atamayÄ± kabul etmiyoruz. 
2020 ye 15 bin verseniz yine kabul etmeyiz 23.300 olan atamamÄ±zÄ± verin
Ã–lÃ§me ve deÄŸerlendirme ilkelerine aykÄ±rÄ± olan karma atamayÄ± kabul etmiyoruz. 
Bu lamey reklamÄ±ndan nasÄ±l kurtulabilirim? GÃ¶rmek istemiyorum. HayÄ±r'Ä± bile kabul etmiyor. @Gemius @GemiusTurkiyeâ€¦ 
Ã–lÃ§me ve deÄŸerlendirme ilkelerine aykÄ±rÄ± olan karma atamayÄ± kabul etmiyoruz. 
@SwingSakarya Tek erkek kabul eder misiniz acaba
Airdropu aÃ§Ä±k unutmuÅŸum biri fotoÄŸraf yollamak istedi kabul ettim fotoya bakÄ±n 
ABD hava saldÄ±rÄ±sÄ±nda ailesinden 10 kiÅŸiyi kaybeden Afgan aile, ABD'nin Ã¶zrÃ¼nÃ¼ kabul etmiyor @anadoluajansi 
Karma alÄ±mÄ± kabul etmiyoruz.
Karma alÄ±m gibi adaletsiz bir uygulamayÄ± kabul etmiyoruz @tcmeb bu hak 2020'nindir  @RTErdogan @hasandogan @CBegitimogretim @aâ€¦
ALLAH dualarÄ±nÄ±zÄ± kabul eylesin
Zorla kabul ettirdik, beraber gidip matbaadaki iÅŸler dÃ¼zelene kadar, her gÃ¼n biraz daha destek olduk. BugÃ¼n, TarÄ±k' Ä±n vâ€¦
DÃ¼n yasalarÄ±n suÃ§ olarak gÃ¶rmediÄŸi fiili, bu gÃ¼n iÅŸkence etmeye dayanak gÃ¶ren, delil kabul bir insan medeni midir?
HakkÄ±mÄ±z olan ÅŸimdiye dek en az iki atamayken bu yÄ±lÄ± tamamen atamasÄ±z geÃ§irmek kabul edilir ÅŸey deÄŸil
BM dahi kabul etti. KÃ¼resel  Ä±sÄ±nma 2030 sonrasÄ± kalÄ±cÄ± olacak. Bu basit cÃ¼mle milyarlarca insanÄ±n kabus dolu geleceÄŸi.
MEB bu inattan vazgeÃ§ip yapÄ±cÄ± olmak zorunda! Karma atama, tÃ¼m Ã¶lÃ§me ve deÄŸerlendirme uzmanlarÄ±nca kabul gÃ¶rmemiÅŸ ve adaâ€¦
@envergunes24 @haritaci61 Enver bazen inanÃ§ Ã¼zerinden ironi kÃ¼fÃ¼rden beter olabilir. Bir abi tavsiyesi olarak kabulâ€¦ 
Bu tablo aÅŸÄ±larÄ±n "kabul edilmiÅŸ etkisizliÄŸini" bir kez daha gÃ¶zler Ã¶nÃ¼neâ€¦
ArkadaÅŸlar ÅŸunu kabul edin â€œÄ°slami hassasiyetâ€ konusunun sÄ±nÄ±rÄ± yok. Namaza baÅŸlasan â€œAllah kabul etsin de mÃ¼zik haram be kâ€¦
Siyasal Ä°slamcÄ±larÄ±n en bÃ¼yÃ¼k Ã¶zelliÄŸi; beceriksiz olduklarÄ±nÄ± hiÃ§bir zaman kabul etmeyip, hep baÅŸkalarÄ±na suÃ§u atmaktÄ±râ€¦
Ne ÅŸiÅŸ yansÄ±n ne kabap Siyaseti artÄ±k kabul gÃ¶rmÃ¼yor. GÃ¶revlendirilmiÅŸ basÄ±n ve parti sÃ¶zcÃ¼leri ile PCR testine yapâ€¦ 
Mazeretlerim var, kabul olunmayan dileklerim.
Recep Tayyip ErdoÄŸan kabul kabul olmuÅŸ duamÄ±zdÄ±r...
FDA, ABDâ€™de 3. doz Biontech aÅŸÄ±sÄ±nÄ±n uygulanmasÄ±nÄ± kabul etmedi. ABDâ€™li onurlu doktorlarÄ±n aÃ§Ä±klamasÄ± yakÄ±n zamanda gÃ¼ndemeâ€¦
Arkamda bi babam oldugu ve onun gÃ¶lgesini hissettigim zamanlar cok oldu evet kabul ediyorum ama sÃ¶yle bi durum varâ€¦ 
Sizce ben tÃ¼m hafta son yaz diye sayÄ±klayÄ±p bugÃ¼n olduÄŸunu unutup Ã¶nemli bir yere gitmeyi kabul etmiÅŸ miyimdir
@Gozdeciimm @Ferihaciimm Bir kere vereceksen kabul arkadas olacaz
Ä°BBâ€™nin konser standÄ±nda alkol satÄ±lmasÄ±na tepki yaÄŸdÄ±: â€œBu gÃ¶rÃ¼ntÃ¼ler kabul edilemez. Sadece Efes satmak nedir? Tuborg iÃ§â€¦
On yÄ±llardÄ±r Reisin kaleminde bir siyasetÃ§i Ã§Ä±rkartamayan muhalif tayfa, eninde sonunda bunu kabul edecek...
Ã–lÃ§me ve deÄŸerlendirme ilkelerine aykÄ±rÄ± olan karma atamayÄ± kabul etmiyoruz. 
@dolphinman22 Evet aptal mÄ±sÄ±m sorusu saÃ§ma oldu kabul ediyorum
ÃœÃ§ sene Ã¶nce Emoji-pediaâ€™ ya yapÄ±lanâ€disko topuâ€ emojisi kurul tarafÄ±ndan baÅŸvurusu kabul edildi. Topu deÄŸilde, bizâ€¦ 
Belarus'ta aynÄ± ÅŸekilde DsÃ¶'nÃ¼n rÃ¼ÅŸvet tekliflerine raÄŸmen kabul etmedi
Sen bizim gÃ¶k yÃ¼zÃ¼ne aÃ§Ä±lan ellerimizin yer yÃ¼zÃ¼nde kabul olmuÅŸ halisin 
Adalet gÃ¼cÃ¼ baÄŸÄ±msÄ±z olmayan bir milletin, devlet halinde varlÄ±ÄŸÄ± kabul olunamaz. MUSTAFA KEMAL ATATÃœRK 
Allah dualarÄ±nÄ±zÄ± kabul eylesin
Ã–lÃ§me ve deÄŸerlendirme ilkelerine aykÄ±rÄ± olan karma atamayÄ± kabul etmiyoruz. 
ABD, Kabil'de dÃ¼zenlediÄŸi hava saldÄ±rÄ±sÄ±nda sivil katliamÄ±nÄ± kabul etti 
Ã–lÃ§me ve deÄŸerlendirme ilkelerine aykÄ±rÄ± olan karma atamayÄ± kabul etmiyoruz. 
@ananibabanipp sifa olarak fotografÄ±nÄ± kabul ediyorum
@ankalandinn @KimeNe1bkfcuyes Ã‡Ä±kma teklifini kabul etmiyorum anla artÄ±kğŸ˜‰
babaannem kpss kitaplarÄ±m iÃ§in  sponsor olmayÄ± kabul etti gÃ¼nÃ¼n en gÃ¼zel haberi ğŸ˜‚
@baziinsan Bu proje gerÃ§ekten Ã¼Ã§gen Ã¼stÃ¼nden yÃ¼rÃ¼yecekse ve bile bile kabul ettiyse ona da laflarÄ±n zaten hsjsjs
HerÅŸey bir yana sadece bir markanÄ±n kabul edildiÄŸi aÅŸÄ± pasaportu asla normal deÄŸil! TÃ¼m komplo teorilerini sadece bu bâ€¦
HerÅŸey bir yana sadece bir markanÄ±n kabul edildiÄŸi aÅŸÄ± pasaportu asla normal deÄŸil! TÃ¼m komplo teorilerini sadece bâ€¦ 
Sen Ã¼mmetin kabul olmuÅŸ duâ€¦
@TugayManap @Delirmiim2 @cruyffjohan014 @ProfDemirtas aga Ã¼ye olurken koÅŸullarÄ± kabul ediyosun orda hepsi yazÄ±yo zaâ€¦ 
@Meleklerin_Payi TÃ¼rkiye de yapÄ±lan Biontech niÃ§in kabul edilmiyor?
Bu gÃ¶rÃ¼ntÃ¼ler kabul edilemez. Bu ÅŸekilde alkol satÄ±ÅŸÄ±nÄ± kÄ±nÄ±yorum. Sadece Efes satmak nedir? Tuborg iÃ§enler maÄŸdur edilmiâ€¦
Ä°BBâ€™nin konser standÄ±nda alkol satÄ±lmasÄ±na tepki yaÄŸdÄ±: â€œBu gÃ¶rÃ¼ntÃ¼ler kabul edilemez. Sadece Efes satmak nedir? Tuborg iÃ§â€¦
Ã–lÃ§me ve deÄŸerlendirme ilkelerine aykÄ±rÄ± olan karma atamayÄ± kabul etmiyoruz. 
Karma alÄ±mÄ± kabul etmiyoruz.
EÅŸini ve oÄŸlunu kolonyayla yakan baba suÃ§lamalarÄ± kabul etmedi
Ä°BBâ€™nin konser standÄ±nda alkol satÄ±lmasÄ±na tepki yaÄŸdÄ±: â€œBu gÃ¶rÃ¼ntÃ¼ler kabul edilemez. Sadece Efes satmak nedir? Tuborg iÃ§enâ€¦
YanlÄ±ÅŸ olduÄŸu bilinen, sÃ¶ylenemese de kabul edilen bir olay Ã¼zerinde durmak daha kÃ¶tÃ¼ deÄŸil midir?
@verymuchpoison Hemcinslerime sesleniyorum bakÄ±n beyler bi gerÃ§eÄŸi kabul edelim eleman hayvan gibi yakÄ±ÅŸÄ±klÄ±...
Ã–lÃ§me ve deÄŸerlendirme ilkelerine aykÄ±rÄ± olan karma atamayÄ± kabul etmiyoruz. 
@SOzvural1 Ã–lÃ§me ve deÄŸerlendirme ilkelerine aykÄ±rÄ± olan karma atamayÄ± kabul etmiyoruz. 
Ã–lÃ§me ve deÄŸerlendirme ilkelerine aykÄ±rÄ± olan karma atamayÄ± kabul etmiyoruz. 
@seksshastasi Ben kabul ediyorum her yerini yalarÄ±m canÄ±m
